,stations,access,232,250,234,260,236,280,238,284,256,290,48,244,64
column-options,,,,,,,,ardp,,,,,ardp,,
route-name,,,,,,,,,,,,,,,
days,,,NYP,NYP,NYP,NYP,NYP,NYP,NYP,NYP,NYP,NYP,NYP,NYP,NYP
NFL,,,blank,blank,blank,blank,blank,280 first,blank,284 first,blank,blank,blank,blank,64 first
BFX,,,blank,blank,blank,blank,blank,,blank,,blank,blank,"<span>From<br>Chicago, IL</span>",blank,
BUF,,,blank,blank,blank,blank,blank,,blank,,blank,blank,,blank,
ROC,,,blank,blank,blank,blank,blank,,blank,,blank,blank,,blank,
SYR,,,blank,blank,blank,blank,blank,,blank,,blank,blank,,blank,
ROM,,,blank,blank,blank,blank,blank,,blank,,blank,blank,,blank,
UCA,,,blank,blank,blank,blank,blank,,blank,,blank,blank,,blank,
AMS,,,blank,blank,blank,blank,blank,,blank,,blank,"<span>From<br>Rutland, VT</span>",,blank,
SDY,,,blank,blank,blank,blank,blank,,blank,,blank,,,blank,
ALB,,,232 first two-row,250 first two-row,234 first two-row,260 first two-row,236 first two-row,,238 first two-row,,256 first two-row,,,244 first,
HUD,,,,,,,,,,,,,,,
RHI,,,,,,,,,,,,,,,
POU,,,,,,,,,,,,,,,
CRT,,,,,,,,,,,,,,,
YNY,,,,,,,,,,,,,,,
NYP,,,232 last,250 last,234 last,260 last,236 last,280 last,238 last,284 last,256 last,290 last,48 last,244 last,64 last
